{"cameraMode":{"drawMode":0,"name":"Shaded","section":"Shading Mode"},"sceneLighting":false,"audioPlay":false,"sceneViewState":{"showFog":true,"showMaterialUpdate":false,"showSkybox":true,"showFlares":true,"showImageEffects":true,"showParticleSystems":true},"in2DMode":false,"pivot":{"x":-3.166496753692627e-8,"y":0.0,"z":0.07500000298023224},"rotation":{"x":-0.011897330172359944,"y":-0.13043302297592164,"z":0.0015649277484044433,"w":-0.9913845062255859},"size":0.47392651438713076,"orthographic":false}