{"cameraMode":{"drawMode":0,"name":"Shaded","section":"Shading Mode"},"sceneLighting":false,"audioPlay":false,"sceneViewState":{"showFog":true,"showMaterialUpdate":false,"showSkybox":true,"showFlares":true,"showImageEffects":true,"showParticleSystems":true},"in2DMode":false,"pivot":{"x":0.0029682740569114687,"y":1.5069161653518677,"z":6.002246379852295},"rotation":{"x":0.05991116911172867,"y":0.04191204905509949,"z":-0.0025175607297569515,"w":0.997320294380188},"size":0.33415520191192629,"orthographic":false}