{"cameraMode":{"drawMode":0,"name":"Shaded","section":"Shading Mode"},"sceneLighting":false,"audioPlay":false,"sceneViewState":{"showFog":true,"showMaterialUpdate":false,"showSkybox":true,"showFlares":true,"showImageEffects":true,"showParticleSystems":true},"in2DMode":false,"pivot":{"x":-3.166496753692627e-8,"y":0.0,"z":0.07500000298023224},"rotation":{"x":-0.022750863805413247,"y":0.9663334488868713,"z":-0.09189333766698837,"w":-0.23924407362937928},"size":0.47392651438713076,"orthographic":false}