{"cameraMode":{"drawMode":0,"name":"Shaded","section":"Shading Mode"},"sceneLighting":false,"audioPlay":false,"sceneViewState":{"showFog":true,"showMaterialUpdate":false,"showSkybox":true,"showFlares":true,"showImageEffects":true,"showParticleSystems":true},"in2DMode":false,"pivot":{"x":0.0029682740569114687,"y":1.5069161653518677,"z":6.002246379852295},"rotation":{"x":-0.28803926706314089,"y":0.14097236096858979,"z":-0.04291395843029022,"w":-0.9462127685546875},"size":0.33415520191192629,"orthographic":false}